{
  "hash": "cbfcd221",
  "configHash": "33f8fb4b",
  "lockfileHash": "7fbe959f",
  "browserHash": "ae6c69a7",
  "optimized": {
    "@angular/core": {
      "src": "../../../../../node_modules/@angular/core/fesm2022/core.mjs",
      "file": "@angular_core.js",
      "fileHash": "3944c9cc",
      "needsInterop": false
    },
    "@angular/platform-browser": {
      "src": "../../../../../node_modules/@angular/platform-browser/fesm2022/platform-browser.mjs",
      "file": "@angular_platform-browser.js",
      "fileHash": "4b70eabd",
      "needsInterop": false
    },
    "@angular/router": {
      "src": "../../../../../node_modules/@angular/router/fesm2022/router.mjs",
      "file": "@angular_router.js",
      "fileHash": "a0db64ea",
      "needsInterop": false
    }
  },
  "chunks": {
    "chunk-L6IRO5SR": {
      "file": "chunk-L6IRO5SR.js"
    },
    "chunk-JNM7CA4Q": {
      "file": "chunk-JNM7CA4Q.js"
    }
  }
}